id,category,title,description,price,inventory_status,rating,image_url
SKU-10000,Camping,Cymbal Pro Camping Lantern,Experience the pro design of our camping lantern. Perfect for outdoor enthusiasts and athletes.,69.83,IN_STOCK,4.7,https://storage.googleapis.com/cymbal-sports-prod-images-dar/SKU-10000.png
SKU-10001,Baseball,Cymbal Comfort Baseball Cleats,Experience the comfort design of our baseball cleats. Perfect for outdoor enthusiasts and athletes.,78.08,IN_STOCK,4.8,https://storage.googleapis.com/cymbal-sports-prod-images-dar/SKU-10001.png
SKU-10002,Apparel,Cymbal Comfort Leggings,Experience the comfort design of our apparel leggings. Perfect for outdoor enthusiasts and athletes.,47.98,LOW_STOCK,4.6,https://storage.googleapis.com/cymbal-sports-prod-images-dar/SKU-10002.png
SKU-10003,Footwear,Cymbal Speed Boots,Experience the speed design of our footwear boots. Perfect for outdoor enthusiasts and athletes.,212.1,IN_STOCK,4.0,https://storage.googleapis.com/cymbal-sports-prod-images-dar/SKU-10003.png
SKU-10004,Hunting,Cymbal Tech Hunting Vest,Experience the tech design of our hunting vest. Perfect for outdoor enthusiasts and athletes.,101.4,LOW_STOCK,4.9,https://storage.googleapis.com/cymbal-sports-prod-images-dar/SKU-10004.png
SKU-10005,Football,Cymbal Ultra Football Shoulder Pads,Experience the ultra design of our football shoulder pads. Perfect for outdoor enthusiasts and athletes.,203.74,IN_STOCK,4.8,https://storage.googleapis.com/cymbal-sports-prod-images-dar/SKU-10005.png
SKU-10006,Apparel,Cymbal Speed Jacket,Experience the speed design of our apparel jacket. Perfect for outdoor enthusiasts and athletes.,240.42,IN_STOCK,4.2,https://storage.googleapis.com/cymbal-sports-prod-images-dar/SKU-10006.png
SKU-10007,Camping,Cymbal Elite Camping Cooler,Experience the elite design of our camping cooler. Perfect for outdoor enthusiasts and athletes.,210.42,IN_STOCK,5.0,https://storage.googleapis.com/cymbal-sports-prod-images-dar/SKU-10007.png
SKU-10008,Camping,Cymbal Lightweight Camping Stove,Experience the lightweight design of our camping stove. Perfect for outdoor enthusiasts and athletes.,74.91,IN_STOCK,3.5,https://storage.googleapis.com/cymbal-sports-prod-images-dar/SKU-10008.png
SKU-10009,Hunting,Cymbal Tech Hunting Boots,Experience the tech design of our hunting boots. Perfect for outdoor enthusiasts and athletes.,204.72,OUT_OF_STOCK,4.9,https://storage.googleapis.com/cymbal-sports-prod-images-dar/SKU-10009.png
SKU-10010,Footwear,Cymbal Vent Running Shoes,Experience the vent design of our footwear running shoes. Perfect for outdoor enthusiasts and athletes.,116.28,LOW_STOCK,4.0,https://storage.googleapis.com/cymbal-sports-prod-images-dar/SKU-10010.png
SKU-10011,Golf,Cymbal Ultra Golf Bag,Experience the ultra design of our golf bag. Perfect for outdoor enthusiasts and athletes.,218.44,IN_STOCK,4.6,https://storage.googleapis.com/cymbal-sports-prod-images-dar/SKU-10011.png
SKU-10012,Golf,Cymbal Durable Golf Shoes,Experience the durable design of our golf shoes. Perfect for outdoor enthusiasts and athletes.,90.6,IN_STOCK,4.7,https://storage.googleapis.com/cymbal-sports-prod-images-dar/SKU-10012.png
SKU-10013,Baseball,Cymbal Elite Baseball Glove,Experience the elite design of our baseball glove. Perfect for outdoor enthusiasts and athletes.,75.43,IN_STOCK,4.6,https://storage.googleapis.com/cymbal-sports-prod-images-dar/SKU-10013.png
SKU-10014,Hunting,Cymbal Vent Hunting Vest,Experience the vent design of our hunting vest. Perfect for outdoor enthusiasts and athletes.,107.64,IN_STOCK,4.2,https://storage.googleapis.com/cymbal-sports-prod-images-dar/SKU-10014.png
SKU-10015,Baseball,Cymbal Durable Baseball Ball,Experience the durable design of our baseball ball. Perfect for outdoor enthusiasts and athletes.,33.1,LOW_STOCK,4.2,https://storage.googleapis.com/cymbal-sports-prod-images-dar/SKU-10015.png
SKU-10016,Fishing,Cymbal Performance Fishing Lure,Experience the performance design of our fishing lure. Perfect for outdoor enthusiasts and athletes.,7.02,IN_STOCK,4.5,https://storage.googleapis.com/cymbal-sports-prod-images-dar/SKU-10016.png
SKU-10017,Baseball,Cymbal Performance Baseball Glove,Experience the performance design of our baseball glove. Perfect for outdoor enthusiasts and athletes.,208.3,IN_STOCK,4.6,https://storage.googleapis.com/cymbal-sports-prod-images-dar/SKU-10017.png
SKU-10018,Footwear,Cymbal Lightweight Boots,Experience the lightweight design of our footwear boots. Perfect for outdoor enthusiasts and athletes.,211.9,IN_STOCK,4.8,https://storage.googleapis.com/cymbal-sports-prod-images-dar/SKU-10018.png
SKU-10019,Football,Cymbal Ultra Football Shoulder Pads,Experience the ultra design of our football shoulder pads. Perfect for outdoor enthusiasts and athletes.,87.69,IN_STOCK,4.8,https://storage.googleapis.com/cymbal-sports-prod-images-dar/SKU-10019.png
SKU-10020,Football,Cymbal Ultra Football Ball,Experience the ultra design of our football ball. Perfect for outdoor enthusiasts and athletes.,82.73,OUT_OF_STOCK,4.5,https://storage.googleapis.com/cymbal-sports-prod-images-dar/SKU-10020.png
SKU-10021,Apparel,Cymbal Durable Hoodie,Experience the durable design of our apparel hoodie. Perfect for outdoor enthusiasts and athletes.,68.96,IN_STOCK,5.0,https://storage.googleapis.com/cymbal-sports-prod-images-dar/SKU-10021.png
SKU-10022,Hunting,Cymbal Lightweight Hunting Scope,Experience the lightweight design of our hunting scope. Perfect for outdoor enthusiasts and athletes.,157.1,IN_STOCK,4.0,https://storage.googleapis.com/cymbal-sports-prod-images-dar/SKU-10022.png
SKU-10023,Fishing,Cymbal Elite Fishing Rod,Experience the elite design of our fishing rod. Perfect for outdoor enthusiasts and athletes.,289.03,IN_STOCK,4.6,https://storage.googleapis.com/cymbal-sports-prod-images-dar/SKU-10023.png
SKU-10024,Football,Cymbal Durable Football Cleats,Experience the durable design of our football cleats. Perfect for outdoor enthusiasts and athletes.,158.23,LOW_STOCK,4.6,https://storage.googleapis.com/cymbal-sports-prod-images-dar/SKU-10024.png
SKU-10025,Basketball,Cymbal Vent Basketball Shorts,Experience the vent design of our basketball shorts. Perfect for outdoor enthusiasts and athletes.,36.68,IN_STOCK,4.2,https://storage.googleapis.com/cymbal-sports-prod-images-dar/SKU-10025.png
SKU-10026,Fishing,Cymbal Tech Fishing Tackle Box,Experience the tech design of our fishing tackle box. Perfect for outdoor enthusiasts and athletes.,66.69,IN_STOCK,4.2,https://storage.googleapis.com/cymbal-sports-prod-images-dar/SKU-10026.png
SKU-10027,Hunting,Cymbal Elite Hunting Boots,Experience the elite design of our hunting boots. Perfect for outdoor enthusiasts and athletes.,125.3,LOW_STOCK,4.7,https://storage.googleapis.com/cymbal-sports-prod-images-dar/SKU-10027.png
SKU-10028,Footwear,Cymbal Vent Running Shoes,Experience the vent design of our footwear running shoes. Perfect for outdoor enthusiasts and athletes.,113.06,IN_STOCK,3.8,https://storage.googleapis.com/cymbal-sports-prod-images-dar/SKU-10028.png
SKU-10029,Football,Cymbal Lightweight Football Helmet,Experience the lightweight design of our football helmet. Perfect for outdoor enthusiasts and athletes.,290.42,IN_STOCK,3.8,https://storage.googleapis.com/cymbal-sports-prod-images-dar/SKU-10029.png
SKU-10030,Football,Cymbal Performance Football Jersey,Experience the performance design of our football jersey. Perfect for outdoor enthusiasts and athletes.,84.65,IN_STOCK,3.8,https://storage.googleapis.com/cymbal-sports-prod-images-dar/SKU-10030.png
SKU-10031,Footwear,Cymbal Elite Sneakers,Experience the elite design of our footwear sneakers. Perfect for outdoor enthusiasts and athletes.,147.68,IN_STOCK,5.0,https://storage.googleapis.com/cymbal-sports-prod-images-dar/SKU-10031.png
SKU-10032,Basketball,Cymbal Tech Basketball Shorts,Experience the tech design of our basketball shorts. Perfect for outdoor enthusiasts and athletes.,56.15,IN_STOCK,4.6,https://storage.googleapis.com/cymbal-sports-prod-images-dar/SKU-10032.png
SKU-10033,Hunting,Cymbal Lightweight Hunting Blind,Experience the lightweight design of our hunting blind. Perfect for outdoor enthusiasts and athletes.,369.98,IN_STOCK,4.9,https://storage.googleapis.com/cymbal-sports-prod-images-dar/SKU-10033.png
SKU-10034,Fishing,Cymbal Lightweight Fishing Lure,Experience the lightweight design of our fishing lure. Perfect for outdoor enthusiasts and athletes.,5.85,IN_STOCK,5.0,https://storage.googleapis.com/cymbal-sports-prod-images-dar/SKU-10034.png
SKU-10035,Basketball,Cymbal Elite Basketball Ball,Experience the elite design of our basketball ball. Perfect for outdoor enthusiasts and athletes.,65.58,IN_STOCK,4.2,https://storage.googleapis.com/cymbal-sports-prod-images-dar/SKU-10035.png
SKU-10036,Camping,Cymbal Ultra Camping Stove,Experience the ultra design of our camping stove. Perfect for outdoor enthusiasts and athletes.,135.6,IN_STOCK,3.5,https://storage.googleapis.com/cymbal-sports-prod-images-dar/SKU-10036.png
SKU-10037,Hunting,Cymbal Vent Hunting Scope,Experience the vent design of our hunting scope. Perfect for outdoor enthusiasts and athletes.,483.36,LOW_STOCK,4.8,https://storage.googleapis.com/cymbal-sports-prod-images-dar/SKU-10037.png
SKU-10038,Footwear,Cymbal Pro Boots,Experience the pro design of our footwear boots. Perfect for outdoor enthusiasts and athletes.,116.83,IN_STOCK,4.9,https://storage.googleapis.com/cymbal-sports-prod-images-dar/SKU-10038.png
SKU-10039,Baseball,Cymbal Tech Baseball Glove,Experience the tech design of our baseball glove. Perfect for outdoor enthusiasts and athletes.,135.47,IN_STOCK,4.8,https://storage.googleapis.com/cymbal-sports-prod-images-dar/SKU-10039.png
SKU-10040,Fishing,Cymbal Vent Fishing Tackle Box,Experience the vent design of our fishing tackle box. Perfect for outdoor enthusiasts and athletes.,69.74,IN_STOCK,4.0,https://storage.googleapis.com/cymbal-sports-prod-images-dar/SKU-10040.png
SKU-10041,Baseball,Cymbal Ultra Baseball Cleats,Experience the ultra design of our baseball cleats. Perfect for outdoor enthusiasts and athletes.,113.91,IN_STOCK,3.5,https://storage.googleapis.com/cymbal-sports-prod-images-dar/SKU-10041.png
SKU-10042,Camping,Cymbal Lightweight Camping Cooler,Experience the lightweight design of our camping cooler. Perfect for outdoor enthusiasts and athletes.,290.74,IN_STOCK,4.8,https://storage.googleapis.com/cymbal-sports-prod-images-dar/SKU-10042.png
SKU-10043,Camping,Cymbal Performance Camping Tent,Experience the performance design of our camping tent. Perfect for outdoor enthusiasts and athletes.,218.34,IN_STOCK,4.2,https://storage.googleapis.com/cymbal-sports-prod-images-dar/SKU-10043.png
SKU-10044,Baseball,Cymbal Vent Baseball Bat,Experience the vent design of our baseball bat. Perfect for outdoor enthusiasts and athletes.,162.85,LOW_STOCK,4.7,https://storage.googleapis.com/cymbal-sports-prod-images-dar/SKU-10044.png
SKU-10045,Hunting,Cymbal Comfort Hunting Scope,Experience the comfort design of our hunting scope. Perfect for outdoor enthusiasts and athletes.,147.7,IN_STOCK,4.5,https://storage.googleapis.com/cymbal-sports-prod-images-dar/SKU-10045.png
SKU-10046,Footwear,Cymbal Speed Sandals,Experience the speed design of our footwear sandals. Perfect for outdoor enthusiasts and athletes.,55.39,IN_STOCK,4.7,https://storage.googleapis.com/cymbal-sports-prod-images-dar/SKU-10046.png
SKU-10047,Hunting,Cymbal Lightweight Hunting Scope,Experience the lightweight design of our hunting scope. Perfect for outdoor enthusiasts and athletes.,336.34,IN_STOCK,3.8,https://storage.googleapis.com/cymbal-sports-prod-images-dar/SKU-10047.png
SKU-10048,Basketball,Cymbal Vent Basketball Shorts,Experience the vent design of our basketball shorts. Perfect for outdoor enthusiasts and athletes.,41.07,LOW_STOCK,4.2,https://storage.googleapis.com/cymbal-sports-prod-images-dar/SKU-10048.png
SKU-10049,Footwear,Cymbal Comfort Sandals,Experience the comfort design of our footwear sandals. Perfect for outdoor enthusiasts and athletes.,50.64,IN_STOCK,4.7,https://storage.googleapis.com/cymbal-sports-prod-images-dar/SKU-10049.png
SKU-10050,Camping,Cymbal Tech Camping Sleeping Bag,Experience the tech design of our camping sleeping bag. Perfect for outdoor enthusiasts and athletes.,211.24,IN_STOCK,4.2,https://storage.googleapis.com/cymbal-sports-prod-images-dar/SKU-10050.png
SKU-10051,Camping,Cymbal Comfort Camping Cooler,Experience the comfort design of our camping cooler. Perfect for outdoor enthusiasts and athletes.,97.44,IN_STOCK,4.9,https://storage.googleapis.com/cymbal-sports-prod-images-dar/SKU-10051.png
SKU-10052,Football,Cymbal Comfort Football Cleats,Experience the comfort design of our football cleats. Perfect for outdoor enthusiasts and athletes.,89.76,IN_STOCK,4.2,https://storage.googleapis.com/cymbal-sports-prod-images-dar/SKU-10052.png
SKU-10053,Camping,Cymbal Elite Camping Cooler,Experience the elite design of our camping cooler. Perfect for outdoor enthusiasts and athletes.,90.08,IN_STOCK,4.6,https://storage.googleapis.com/cymbal-sports-prod-images-dar/SKU-10053.png
SKU-10054,Baseball,Cymbal Comfort Baseball Helmet,Experience the comfort design of our baseball helmet. Perfect for outdoor enthusiasts and athletes.,55.26,IN_STOCK,4.9,https://storage.googleapis.com/cymbal-sports-prod-images-dar/SKU-10054.png
SKU-10055,Basketball,Cymbal Durable Basketball Ball,Experience the durable design of our basketball ball. Perfect for outdoor enthusiasts and athletes.,67.57,OUT_OF_STOCK,3.8,https://storage.googleapis.com/cymbal-sports-prod-images-dar/SKU-10055.png
SKU-10056,Golf,Cymbal Tech Golf Bag,Experience the tech design of our golf bag. Perfect for outdoor enthusiasts and athletes.,144.75,LOW_STOCK,3.8,https://storage.googleapis.com/cymbal-sports-prod-images-dar/SKU-10056.png
SKU-10057,Fishing,Cymbal Durable Fishing Tackle Box,Experience the durable design of our fishing tackle box. Perfect for outdoor enthusiasts and athletes.,75.84,LOW_STOCK,4.8,https://storage.googleapis.com/cymbal-sports-prod-images-dar/SKU-10057.png
SKU-10058,Baseball,Cymbal Elite Baseball Helmet,Experience the elite design of our baseball helmet. Perfect for outdoor enthusiasts and athletes.,77.52,LOW_STOCK,4.5,https://storage.googleapis.com/cymbal-sports-prod-images-dar/SKU-10058.png
SKU-10059,Camping,Cymbal Tech Camping Cooler,Experience the tech design of our camping cooler. Perfect for outdoor enthusiasts and athletes.,287.43,OUT_OF_STOCK,3.8,https://storage.googleapis.com/cymbal-sports-prod-images-dar/SKU-10059.png
SKU-10060,Golf,Cymbal Elite Golf Polo,Experience the elite design of our golf polo. Perfect for outdoor enthusiasts and athletes.,59.55,OUT_OF_STOCK,5.0,https://storage.googleapis.com/cymbal-sports-prod-images-dar/SKU-10060.png
SKU-10061,Football,Cymbal Tech Football Helmet,Experience the tech design of our football helmet. Perfect for outdoor enthusiasts and athletes.,374.42,IN_STOCK,4.0,https://storage.googleapis.com/cymbal-sports-prod-images-dar/SKU-10061.png
SKU-10062,Baseball,Cymbal Pro Baseball Glove,Experience the pro design of our baseball glove. Perfect for outdoor enthusiasts and athletes.,99.22,LOW_STOCK,4.7,https://storage.googleapis.com/cymbal-sports-prod-images-dar/SKU-10062.png
SKU-10063,Footwear,Cymbal Performance Slides,Experience the performance design of our footwear slides. Perfect for outdoor enthusiasts and athletes.,48.64,IN_STOCK,4.0,https://storage.googleapis.com/cymbal-sports-prod-images-dar/SKU-10063.png
SKU-10064,Camping,Cymbal Tech Camping Sleeping Bag,Experience the tech design of our camping sleeping bag. Perfect for outdoor enthusiasts and athletes.,155.0,IN_STOCK,4.9,https://storage.googleapis.com/cymbal-sports-prod-images-dar/SKU-10064.png
SKU-10065,Basketball,Cymbal Elite Basketball Sneakers,Experience the elite design of our basketball sneakers. Perfect for outdoor enthusiasts and athletes.,146.12,LOW_STOCK,4.9,https://storage.googleapis.com/cymbal-sports-prod-images-dar/SKU-10065.png
SKU-10066,Basketball,Cymbal Comfort Basketball Sneakers,Experience the comfort design of our basketball sneakers. Perfect for outdoor enthusiasts and athletes.,165.21,IN_STOCK,4.0,https://storage.googleapis.com/cymbal-sports-prod-images-dar/SKU-10066.png
SKU-10067,Fishing,Cymbal Lightweight Fishing Reel,Experience the lightweight design of our fishing reel. Perfect for outdoor enthusiasts and athletes.,97.96,IN_STOCK,4.6,https://storage.googleapis.com/cymbal-sports-prod-images-dar/SKU-10067.png
SKU-10068,Baseball,Cymbal Lightweight Baseball Glove,Experience the lightweight design of our baseball glove. Perfect for outdoor enthusiasts and athletes.,110.32,IN_STOCK,4.8,https://storage.googleapis.com/cymbal-sports-prod-images-dar/SKU-10068.png
SKU-10069,Apparel,Cymbal Ultra Hoodie,Experience the ultra design of our apparel hoodie. Perfect for outdoor enthusiasts and athletes.,102.72,OUT_OF_STOCK,4.8,https://storage.googleapis.com/cymbal-sports-prod-images-dar/SKU-10069.png
SKU-10070,Hunting,Cymbal Comfort Hunting Vest,Experience the comfort design of our hunting vest. Perfect for outdoor enthusiasts and athletes.,97.01,OUT_OF_STOCK,3.8,https://storage.googleapis.com/cymbal-sports-prod-images-dar/SKU-10070.png
SKU-10071,Apparel,Cymbal Ultra Leggings,Experience the ultra design of our apparel leggings. Perfect for outdoor enthusiasts and athletes.,83.44,IN_STOCK,4.6,https://storage.googleapis.com/cymbal-sports-prod-images-dar/SKU-10071.png
SKU-10072,Baseball,Cymbal Comfort Baseball Helmet,Experience the comfort design of our baseball helmet. Perfect for outdoor enthusiasts and athletes.,51.03,IN_STOCK,4.0,https://storage.googleapis.com/cymbal-sports-prod-images-dar/SKU-10072.png
SKU-10073,Footwear,Cymbal Ultra Sandals,Experience the ultra design of our footwear sandals. Perfect for outdoor enthusiasts and athletes.,30.49,IN_STOCK,4.0,https://storage.googleapis.com/cymbal-sports-prod-images-dar/SKU-10073.png
SKU-10074,Golf,Cymbal Tech Golf Balls,Experience the tech design of our golf balls. Perfect for outdoor enthusiasts and athletes.,43.98,LOW_STOCK,4.5,https://storage.googleapis.com/cymbal-sports-prod-images-dar/SKU-10074.png
SKU-10075,Basketball,Cymbal Durable Basketball Shorts,Experience the durable design of our basketball shorts. Perfect for outdoor enthusiasts and athletes.,36.71,IN_STOCK,4.9,https://storage.googleapis.com/cymbal-sports-prod-images-dar/SKU-10075.png
SKU-10076,Fishing,Cymbal Tech Fishing Rod,Experience the tech design of our fishing rod. Perfect for outdoor enthusiasts and athletes.,280.64,IN_STOCK,4.9,https://storage.googleapis.com/cymbal-sports-prod-images-dar/SKU-10076.png
SKU-10077,Apparel,Cymbal Durable Hat,Experience the durable design of our apparel hat. Perfect for outdoor enthusiasts and athletes.,32.18,IN_STOCK,4.2,https://storage.googleapis.com/cymbal-sports-prod-images-dar/SKU-10077.png
SKU-10078,Golf,Cymbal Pro Golf Shoes,Experience the pro design of our golf shoes. Perfect for outdoor enthusiasts and athletes.,93.93,IN_STOCK,4.9,https://storage.googleapis.com/cymbal-sports-prod-images-dar/SKU-10078.png
SKU-10079,Basketball,Cymbal Durable Basketball Headband,Experience the durable design of our basketball headband. Perfect for outdoor enthusiasts and athletes.,12.69,OUT_OF_STOCK,4.6,https://storage.googleapis.com/cymbal-sports-prod-images-dar/SKU-10079.png
SKU-10080,Baseball,Cymbal Pro Baseball Ball,Experience the pro design of our baseball ball. Perfect for outdoor enthusiasts and athletes.,15.43,IN_STOCK,4.5,https://storage.googleapis.com/cymbal-sports-prod-images-dar/SKU-10080.png
SKU-10081,Apparel,Cymbal Speed Jacket,Experience the speed design of our apparel jacket. Perfect for outdoor enthusiasts and athletes.,194.01,IN_STOCK,3.5,https://storage.googleapis.com/cymbal-sports-prod-images-dar/SKU-10081.png
SKU-10082,Footwear,Cymbal Vent Running Shoes,Experience the vent design of our footwear running shoes. Perfect for outdoor enthusiasts and athletes.,104.54,IN_STOCK,4.2,https://storage.googleapis.com/cymbal-sports-prod-images-dar/SKU-10082.png
SKU-10083,Hunting,Cymbal Elite Hunting Scope,Experience the elite design of our hunting scope. Perfect for outdoor enthusiasts and athletes.,453.33,IN_STOCK,4.5,https://storage.googleapis.com/cymbal-sports-prod-images-dar/SKU-10083.png
SKU-10084,Football,Cymbal Tech Football Jersey,Experience the tech design of our football jersey. Perfect for outdoor enthusiasts and athletes.,96.29,IN_STOCK,4.2,https://storage.googleapis.com/cymbal-sports-prod-images-dar/SKU-10084.png
SKU-10085,Hunting,Cymbal Elite Hunting Boots,Experience the elite design of our hunting boots. Perfect for outdoor enthusiasts and athletes.,205.2,IN_STOCK,4.7,https://storage.googleapis.com/cymbal-sports-prod-images-dar/SKU-10085.png
SKU-10086,Hunting,Cymbal Performance Hunting Blind,Experience the performance design of our hunting blind. Perfect for outdoor enthusiasts and athletes.,396.86,IN_STOCK,5.0,https://storage.googleapis.com/cymbal-sports-prod-images-dar/SKU-10086.png
SKU-10087,Golf,Cymbal Comfort Golf Shoes,Experience the comfort design of our golf shoes. Perfect for outdoor enthusiasts and athletes.,182.69,IN_STOCK,5.0,https://storage.googleapis.com/cymbal-sports-prod-images-dar/SKU-10087.png
SKU-10088,Fishing,Cymbal Pro Fishing Lure,Experience the pro design of our fishing lure. Perfect for outdoor enthusiasts and athletes.,13.59,IN_STOCK,4.9,https://storage.googleapis.com/cymbal-sports-prod-images-dar/SKU-10088.png
SKU-10089,Fishing,Cymbal Tech Fishing Lure,Experience the tech design of our fishing lure. Perfect for outdoor enthusiasts and athletes.,12.19,IN_STOCK,4.2,https://storage.googleapis.com/cymbal-sports-prod-images-dar/SKU-10089.png
SKU-10090,Apparel,Cymbal Elite Jacket,Experience the elite design of our apparel jacket. Perfect for outdoor enthusiasts and athletes.,87.22,LOW_STOCK,4.0,https://storage.googleapis.com/cymbal-sports-prod-images-dar/SKU-10090.png
SKU-10091,Camping,Cymbal Vent Camping Lantern,Experience the vent design of our camping lantern. Perfect for outdoor enthusiasts and athletes.,37.79,LOW_STOCK,4.8,https://storage.googleapis.com/cymbal-sports-prod-images-dar/SKU-10091.png
SKU-10092,Hunting,Cymbal Tech Hunting Boots,Experience the tech design of our hunting boots. Perfect for outdoor enthusiasts and athletes.,252.84,IN_STOCK,4.8,https://storage.googleapis.com/cymbal-sports-prod-images-dar/SKU-10092.png
SKU-10093,Fishing,Cymbal Lightweight Fishing Tackle Box,Experience the lightweight design of our fishing tackle box. Perfect for outdoor enthusiasts and athletes.,46.39,IN_STOCK,4.5,https://storage.googleapis.com/cymbal-sports-prod-images-dar/SKU-10093.png
SKU-10094,Camping,Cymbal Vent Camping Tent,Experience the vent design of our camping tent. Perfect for outdoor enthusiasts and athletes.,518.56,OUT_OF_STOCK,5.0,https://storage.googleapis.com/cymbal-sports-prod-images-dar/SKU-10094.png
SKU-10095,Apparel,Cymbal Ultra Jacket,Experience the ultra design of our apparel jacket. Perfect for outdoor enthusiasts and athletes.,92.76,IN_STOCK,4.2,https://storage.googleapis.com/cymbal-sports-prod-images-dar/SKU-10095.png
SKU-10096,Apparel,Cymbal Vent T-Shirt,Experience the vent design of our apparel t-shirt. Perfect for outdoor enthusiasts and athletes.,42.13,IN_STOCK,4.0,https://storage.googleapis.com/cymbal-sports-prod-images-dar/SKU-10096.png
SKU-10097,Camping,Cymbal Vent Camping Tent,Experience the vent design of our camping tent. Perfect for outdoor enthusiasts and athletes.,408.59,IN_STOCK,3.5,https://storage.googleapis.com/cymbal-sports-prod-images-dar/SKU-10097.png
SKU-10098,Fishing,Cymbal Lightweight Fishing Tackle Box,Experience the lightweight design of our fishing tackle box. Perfect for outdoor enthusiasts and athletes.,76.66,LOW_STOCK,4.0,https://storage.googleapis.com/cymbal-sports-prod-images-dar/SKU-10098.png
SKU-10099,Baseball,Cymbal Performance Baseball Ball,Experience the performance design of our baseball ball. Perfect for outdoor enthusiasts and athletes.,19.12,IN_STOCK,4.6,https://storage.googleapis.com/cymbal-sports-prod-images-dar/SKU-10099.png
SKU-10100,Baseball,Cymbal Comfort Baseball Ball,Experience the comfort design of our baseball ball. Perfect for outdoor enthusiasts and athletes.,30.69,IN_STOCK,4.7,https://storage.googleapis.com/cymbal-sports-prod-images-dar/SKU-10100.png
SKU-10101,Golf,Cymbal Speed Golf Bag,Experience the speed design of our golf bag. Perfect for outdoor enthusiasts and athletes.,184.81,IN_STOCK,5.0,https://storage.googleapis.com/cymbal-sports-prod-images-dar/SKU-10101.png
SKU-10102,Golf,Cymbal Pro Golf Clubs,Experience the pro design of our golf clubs. Perfect for outdoor enthusiasts and athletes.,582.76,OUT_OF_STOCK,4.9,https://storage.googleapis.com/cymbal-sports-prod-images-dar/SKU-10102.png
SKU-10103,Football,Cymbal Comfort Football Helmet,Experience the comfort design of our football helmet. Perfect for outdoor enthusiasts and athletes.,390.9,IN_STOCK,4.6,https://storage.googleapis.com/cymbal-sports-prod-images-dar/SKU-10103.png
SKU-10104,Camping,Cymbal Comfort Camping Cooler,Experience the comfort design of our camping cooler. Perfect for outdoor enthusiasts and athletes.,113.98,IN_STOCK,4.6,https://storage.googleapis.com/cymbal-sports-prod-images-dar/SKU-10104.png
SKU-10105,Football,Cymbal Ultra Football Jersey,Experience the ultra design of our football jersey. Perfect for outdoor enthusiasts and athletes.,144.23,IN_STOCK,3.8,https://storage.googleapis.com/cymbal-sports-prod-images-dar/SKU-10105.png
SKU-10106,Hunting,Cymbal Comfort Hunting Knife,Experience the comfort design of our hunting knife. Perfect for outdoor enthusiasts and athletes.,123.85,IN_STOCK,4.6,https://storage.googleapis.com/cymbal-sports-prod-images-dar/SKU-10106.png
SKU-10107,Apparel,Cymbal Ultra Jacket,Experience the ultra design of our apparel jacket. Perfect for outdoor enthusiasts and athletes.,167.36,IN_STOCK,3.5,https://storage.googleapis.com/cymbal-sports-prod-images-dar/SKU-10107.png
SKU-10108,Basketball,Cymbal Speed Basketball Jersey,Experience the speed design of our basketball jersey. Perfect for outdoor enthusiasts and athletes.,113.45,IN_STOCK,4.7,https://storage.googleapis.com/cymbal-sports-prod-images-dar/SKU-10108.png
SKU-10109,Football,Cymbal Ultra Football Jersey,Experience the ultra design of our football jersey. Perfect for outdoor enthusiasts and athletes.,60.55,OUT_OF_STOCK,3.8,https://storage.googleapis.com/cymbal-sports-prod-images-dar/SKU-10109.png
SKU-10110,Golf,Cymbal Ultra Golf Shoes,Experience the ultra design of our golf shoes. Perfect for outdoor enthusiasts and athletes.,143.37,OUT_OF_STOCK,4.2,https://storage.googleapis.com/cymbal-sports-prod-images-dar/SKU-10110.png
SKU-10111,Camping,Cymbal Durable Camping Stove,Experience the durable design of our camping stove. Perfect for outdoor enthusiasts and athletes.,135.56,LOW_STOCK,4.7,https://storage.googleapis.com/cymbal-sports-prod-images-dar/SKU-10111.png
SKU-10112,Footwear,Cymbal Pro Slides,Experience the pro design of our footwear slides. Perfect for outdoor enthusiasts and athletes.,47.66,LOW_STOCK,4.5,https://storage.googleapis.com/cymbal-sports-prod-images-dar/SKU-10112.png
SKU-10113,Hunting,Cymbal Performance Hunting Vest,Experience the performance design of our hunting vest. Perfect for outdoor enthusiasts and athletes.,67.7,LOW_STOCK,4.0,https://storage.googleapis.com/cymbal-sports-prod-images-dar/SKU-10113.png
SKU-10114,Golf,Cymbal Performance Golf Clubs,Experience the performance design of our golf clubs. Perfect for outdoor enthusiasts and athletes.,362.98,IN_STOCK,4.7,https://storage.googleapis.com/cymbal-sports-prod-images-dar/SKU-10114.png
SKU-10115,Apparel,Cymbal Vent T-Shirt,Experience the vent design of our apparel t-shirt. Perfect for outdoor enthusiasts and athletes.,32.28,IN_STOCK,4.9,https://storage.googleapis.com/cymbal-sports-prod-images-dar/SKU-10115.png
SKU-10116,Footwear,Cymbal Durable Sandals,Experience the durable design of our footwear sandals. Perfect for outdoor enthusiasts and athletes.,36.86,IN_STOCK,4.0,https://storage.googleapis.com/cymbal-sports-prod-images-dar/SKU-10116.png
SKU-10117,Basketball,Cymbal Vent Basketball Jersey,Experience the vent design of our basketball jersey. Perfect for outdoor enthusiasts and athletes.,72.93,IN_STOCK,5.0,https://storage.googleapis.com/cymbal-sports-prod-images-dar/SKU-10117.png
SKU-10118,Fishing,Cymbal Tech Fishing Waders,Experience the tech design of our fishing waders. Perfect for outdoor enthusiasts and athletes.,153.13,IN_STOCK,4.7,https://storage.googleapis.com/cymbal-sports-prod-images-dar/SKU-10118.png
SKU-10119,Camping,Cymbal Elite Camping Sleeping Bag,Experience the elite design of our camping sleeping bag. Perfect for outdoor enthusiasts and athletes.,130.45,OUT_OF_STOCK,4.0,https://storage.googleapis.com/cymbal-sports-prod-images-dar/SKU-10119.png
SKU-10120,Football,Cymbal Elite Football Cleats,Experience the elite design of our football cleats. Perfect for outdoor enthusiasts and athletes.,88.35,IN_STOCK,3.5,https://storage.googleapis.com/cymbal-sports-prod-images-dar/SKU-10120.png
SKU-10121,Baseball,Cymbal Lightweight Baseball Bat,Experience the lightweight design of our baseball bat. Perfect for outdoor enthusiasts and athletes.,335.81,LOW_STOCK,4.0,https://storage.googleapis.com/cymbal-sports-prod-images-dar/SKU-10121.png
SKU-10122,Hunting,Cymbal Comfort Hunting Scope,Experience the comfort design of our hunting scope. Perfect for outdoor enthusiasts and athletes.,392.37,IN_STOCK,4.7,https://storage.googleapis.com/cymbal-sports-prod-images-dar/SKU-10122.png
SKU-10123,Hunting,Cymbal Tech Hunting Boots,Experience the tech design of our hunting boots. Perfect for outdoor enthusiasts and athletes.,229.08,IN_STOCK,4.5,https://storage.googleapis.com/cymbal-sports-prod-images-dar/SKU-10123.png
SKU-10124,Hunting,Cymbal Vent Hunting Vest,Experience the vent design of our hunting vest. Perfect for outdoor enthusiasts and athletes.,85.56,IN_STOCK,4.0,https://storage.googleapis.com/cymbal-sports-prod-images-dar/SKU-10124.png
SKU-10125,Basketball,Cymbal Lightweight Basketball Shorts,Experience the lightweight design of our basketball shorts. Perfect for outdoor enthusiasts and athletes.,33.83,IN_STOCK,4.8,https://storage.googleapis.com/cymbal-sports-prod-images-dar/SKU-10125.png
SKU-10126,Camping,Cymbal Vent Camping Sleeping Bag,Experience the vent design of our camping sleeping bag. Perfect for outdoor enthusiasts and athletes.,213.07,IN_STOCK,3.8,https://storage.googleapis.com/cymbal-sports-prod-images-dar/SKU-10126.png
SKU-10127,Fishing,Cymbal Elite Fishing Waders,Experience the elite design of our fishing waders. Perfect for outdoor enthusiasts and athletes.,110.97,LOW_STOCK,3.8,https://storage.googleapis.com/cymbal-sports-prod-images-dar/SKU-10127.png
SKU-10128,Football,Cymbal Vent Football Cleats,Experience the vent design of our football cleats. Perfect for outdoor enthusiasts and athletes.,169.67,IN_STOCK,4.2,https://storage.googleapis.com/cymbal-sports-prod-images-dar/SKU-10128.png
SKU-10129,Fishing,Cymbal Ultra Fishing Reel,Experience the ultra design of our fishing reel. Perfect for outdoor enthusiasts and athletes.,108.52,IN_STOCK,4.7,https://storage.googleapis.com/cymbal-sports-prod-images-dar/SKU-10129.png
SKU-10130,Fishing,Cymbal Lightweight Fishing Reel,Experience the lightweight design of our fishing reel. Perfect for outdoor enthusiasts and athletes.,83.16,IN_STOCK,4.6,https://storage.googleapis.com/cymbal-sports-prod-images-dar/SKU-10130.png
SKU-10131,Camping,Cymbal Tech Camping Lantern,Experience the tech design of our camping lantern. Perfect for outdoor enthusiasts and athletes.,78.29,IN_STOCK,4.8,https://storage.googleapis.com/cymbal-sports-prod-images-dar/SKU-10131.png
SKU-10132,Apparel,Cymbal Tech Hoodie,Experience the tech design of our apparel hoodie. Perfect for outdoor enthusiasts and athletes.,80.03,OUT_OF_STOCK,4.9,https://storage.googleapis.com/cymbal-sports-prod-images-dar/SKU-10132.png
SKU-10133,Camping,Cymbal Pro Camping Cooler,Experience the pro design of our camping cooler. Perfect for outdoor enthusiasts and athletes.,73.82,IN_STOCK,4.5,https://storage.googleapis.com/cymbal-sports-prod-images-dar/SKU-10133.png
SKU-10134,Hunting,Cymbal Durable Hunting Boots,Experience the durable design of our hunting boots. Perfect for outdoor enthusiasts and athletes.,147.44,IN_STOCK,4.9,https://storage.googleapis.com/cymbal-sports-prod-images-dar/SKU-10134.png
SKU-10135,Footwear,Cymbal Performance Sandals,Experience the performance design of our footwear sandals. Perfect for outdoor enthusiasts and athletes.,51.67,LOW_STOCK,4.6,https://storage.googleapis.com/cymbal-sports-prod-images-dar/SKU-10135.png
SKU-10136,Camping,Cymbal Vent Camping Cooler,Experience the vent design of our camping cooler. Perfect for outdoor enthusiasts and athletes.,51.35,IN_STOCK,4.7,https://storage.googleapis.com/cymbal-sports-prod-images-dar/SKU-10136.png
SKU-10137,Golf,Cymbal Comfort Golf Balls,Experience the comfort design of our golf balls. Perfect for outdoor enthusiasts and athletes.,35.22,OUT_OF_STOCK,4.9,https://storage.googleapis.com/cymbal-sports-prod-images-dar/SKU-10137.png
SKU-10138,Camping,Cymbal Durable Camping Lantern,Experience the durable design of our camping lantern. Perfect for outdoor enthusiasts and athletes.,40.37,OUT_OF_STOCK,4.7,https://storage.googleapis.com/cymbal-sports-prod-images-dar/SKU-10138.png
SKU-10139,Apparel,Cymbal Elite Hoodie,Experience the elite design of our apparel hoodie. Perfect for outdoor enthusiasts and athletes.,96.15,IN_STOCK,3.8,https://storage.googleapis.com/cymbal-sports-prod-images-dar/SKU-10139.png
SKU-10140,Football,Cymbal Performance Football Shoulder Pads,Experience the performance design of our football shoulder pads. Perfect for outdoor enthusiasts and athletes.,101.52,IN_STOCK,5.0,https://storage.googleapis.com/cymbal-sports-prod-images-dar/SKU-10140.png
SKU-10141,Footwear,Cymbal Durable Sandals,Experience the durable design of our footwear sandals. Perfect for outdoor enthusiasts and athletes.,71.62,IN_STOCK,3.8,https://storage.googleapis.com/cymbal-sports-prod-images-dar/SKU-10141.png
SKU-10142,Golf,Cymbal Lightweight Golf Shoes,Experience the lightweight design of our golf shoes. Perfect for outdoor enthusiasts and athletes.,80.86,IN_STOCK,5.0,https://storage.googleapis.com/cymbal-sports-prod-images-dar/SKU-10142.png
SKU-10143,Basketball,Cymbal Performance Basketball Sneakers,Experience the performance design of our basketball sneakers. Perfect for outdoor enthusiasts and athletes.,180.78,IN_STOCK,4.2,https://storage.googleapis.com/cymbal-sports-prod-images-dar/SKU-10143.png
SKU-10144,Camping,Cymbal Performance Camping Tent,Experience the performance design of our camping tent. Perfect for outdoor enthusiasts and athletes.,138.78,IN_STOCK,4.6,https://storage.googleapis.com/cymbal-sports-prod-images-dar/SKU-10144.png
SKU-10145,Golf,Cymbal Ultra Golf Balls,Experience the ultra design of our golf balls. Perfect for outdoor enthusiasts and athletes.,51.7,IN_STOCK,3.5,https://storage.googleapis.com/cymbal-sports-prod-images-dar/SKU-10145.png
SKU-10146,Golf,Cymbal Performance Golf Bag,Experience the performance design of our golf bag. Perfect for outdoor enthusiasts and athletes.,233.31,IN_STOCK,5.0,https://storage.googleapis.com/cymbal-sports-prod-images-dar/SKU-10146.png
SKU-10147,Hunting,Cymbal Speed Hunting Knife,Experience the speed design of our hunting knife. Perfect for outdoor enthusiasts and athletes.,66.18,LOW_STOCK,4.0,https://storage.googleapis.com/cymbal-sports-prod-images-dar/SKU-10147.png
SKU-10148,Apparel,Cymbal Ultra T-Shirt,Experience the ultra design of our apparel t-shirt. Perfect for outdoor enthusiasts and athletes.,30.18,LOW_STOCK,3.5,https://storage.googleapis.com/cymbal-sports-prod-images-dar/SKU-10148.png
SKU-10149,Golf,Cymbal Ultra Golf Shoes,Experience the ultra design of our golf shoes. Perfect for outdoor enthusiasts and athletes.,95.54,IN_STOCK,4.9,https://storage.googleapis.com/cymbal-sports-prod-images-dar/SKU-10149.png
SKU-10150,Football,Cymbal Tech Football Shoulder Pads,Experience the tech design of our football shoulder pads. Perfect for outdoor enthusiasts and athletes.,240.98,IN_STOCK,3.5,https://storage.googleapis.com/cymbal-sports-prod-images-dar/SKU-10150.png
SKU-10151,Football,Cymbal Performance Football Ball,Experience the performance design of our football ball. Perfect for outdoor enthusiasts and athletes.,77.9,IN_STOCK,4.0,https://storage.googleapis.com/cymbal-sports-prod-images-dar/SKU-10151.png
SKU-10152,Footwear,Cymbal Durable Slides,Experience the durable design of our footwear slides. Perfect for outdoor enthusiasts and athletes.,39.42,OUT_OF_STOCK,4.2,https://storage.googleapis.com/cymbal-sports-prod-images-dar/SKU-10152.png
SKU-10153,Fishing,Cymbal Tech Fishing Tackle Box,Experience the tech design of our fishing tackle box. Perfect for outdoor enthusiasts and athletes.,64.97,IN_STOCK,3.5,https://storage.googleapis.com/cymbal-sports-prod-images-dar/SKU-10153.png
SKU-10154,Golf,Cymbal Durable Golf Polo,Experience the durable design of our golf polo. Perfect for outdoor enthusiasts and athletes.,59.86,IN_STOCK,4.2,https://storage.googleapis.com/cymbal-sports-prod-images-dar/SKU-10154.png
SKU-10155,Footwear,Cymbal Lightweight Sandals,Experience the lightweight design of our footwear sandals. Perfect for outdoor enthusiasts and athletes.,77.19,IN_STOCK,4.9,https://storage.googleapis.com/cymbal-sports-prod-images-dar/SKU-10155.png
SKU-10156,Basketball,Cymbal Tech Basketball Jersey,Experience the tech design of our basketball jersey. Perfect for outdoor enthusiasts and athletes.,93.26,LOW_STOCK,4.9,https://storage.googleapis.com/cymbal-sports-prod-images-dar/SKU-10156.png
SKU-10157,Hunting,Cymbal Lightweight Hunting Knife,Experience the lightweight design of our hunting knife. Perfect for outdoor enthusiasts and athletes.,43.8,IN_STOCK,4.0,https://storage.googleapis.com/cymbal-sports-prod-images-dar/SKU-10157.png
SKU-10158,Baseball,Cymbal Lightweight Baseball Cleats,Experience the lightweight design of our baseball cleats. Perfect for outdoor enthusiasts and athletes.,107.75,IN_STOCK,4.5,https://storage.googleapis.com/cymbal-sports-prod-images-dar/SKU-10158.png
SKU-10159,Hunting,Cymbal Lightweight Hunting Knife,Experience the lightweight design of our hunting knife. Perfect for outdoor enthusiasts and athletes.,101.62,IN_STOCK,5.0,https://storage.googleapis.com/cymbal-sports-prod-images-dar/SKU-10159.png
SKU-10160,Camping,Cymbal Speed Camping Sleeping Bag,Experience the speed design of our camping sleeping bag. Perfect for outdoor enthusiasts and athletes.,148.36,IN_STOCK,4.8,https://storage.googleapis.com/cymbal-sports-prod-images-dar/SKU-10160.png
SKU-10161,Fishing,Cymbal Speed Fishing Waders,Experience the speed design of our fishing waders. Perfect for outdoor enthusiasts and athletes.,198.48,IN_STOCK,4.7,https://storage.googleapis.com/cymbal-sports-prod-images-dar/SKU-10161.png
SKU-10162,Footwear,Cymbal Speed Slides,Experience the speed design of our footwear slides. Perfect for outdoor enthusiasts and athletes.,46.42,IN_STOCK,4.0,https://storage.googleapis.com/cymbal-sports-prod-images-dar/SKU-10162.png
SKU-10163,Camping,Cymbal Durable Camping Sleeping Bag,Experience the durable design of our camping sleeping bag. Perfect for outdoor enthusiasts and athletes.,90.19,IN_STOCK,4.5,https://storage.googleapis.com/cymbal-sports-prod-images-dar/SKU-10163.png
SKU-10164,Apparel,Cymbal Performance Leggings,Experience the performance design of our apparel leggings. Perfect for outdoor enthusiasts and athletes.,70.37,IN_STOCK,4.6,https://storage.googleapis.com/cymbal-sports-prod-images-dar/SKU-10164.png
SKU-10165,Golf,Cymbal Ultra Golf Balls,Experience the ultra design of our golf balls. Perfect for outdoor enthusiasts and athletes.,53.57,IN_STOCK,4.6,https://storage.googleapis.com/cymbal-sports-prod-images-dar/SKU-10165.png
SKU-10166,Basketball,Cymbal Tech Basketball Headband,Experience the tech design of our basketball headband. Perfect for outdoor enthusiasts and athletes.,13.58,IN_STOCK,4.2,https://storage.googleapis.com/cymbal-sports-prod-images-dar/SKU-10166.png
SKU-10167,Football,Cymbal Speed Football Helmet,Experience the speed design of our football helmet. Perfect for outdoor enthusiasts and athletes.,369.91,IN_STOCK,4.0,https://storage.googleapis.com/cymbal-sports-prod-images-dar/SKU-10167.png
SKU-10168,Golf,Cymbal Tech Golf Bag,Experience the tech design of our golf bag. Perfect for outdoor enthusiasts and athletes.,104.85,IN_STOCK,4.0,https://storage.googleapis.com/cymbal-sports-prod-images-dar/SKU-10168.png
SKU-10169,Fishing,Cymbal Comfort Fishing Rod,Experience the comfort design of our fishing rod. Perfect for outdoor enthusiasts and athletes.,93.56,IN_STOCK,4.0,https://storage.googleapis.com/cymbal-sports-prod-images-dar/SKU-10169.png
SKU-10170,Basketball,Cymbal Durable Basketball Ball,Experience the durable design of our basketball ball. Perfect for outdoor enthusiasts and athletes.,37.41,IN_STOCK,4.6,https://storage.googleapis.com/cymbal-sports-prod-images-dar/SKU-10170.png
SKU-10171,Hunting,Cymbal Durable Hunting Scope,Experience the durable design of our hunting scope. Perfect for outdoor enthusiasts and athletes.,338.9,LOW_STOCK,3.5,https://storage.googleapis.com/cymbal-sports-prod-images-dar/SKU-10171.png
SKU-10172,Fishing,Cymbal Vent Fishing Rod,Experience the vent design of our fishing rod. Perfect for outdoor enthusiasts and athletes.,149.76,IN_STOCK,4.7,https://storage.googleapis.com/cymbal-sports-prod-images-dar/SKU-10172.png
SKU-10173,Football,Cymbal Ultra Football Jersey,Experience the ultra design of our football jersey. Perfect for outdoor enthusiasts and athletes.,136.5,IN_STOCK,4.7,https://storage.googleapis.com/cymbal-sports-prod-images-dar/SKU-10173.png
SKU-10174,Baseball,Cymbal Ultra Baseball Bat,Experience the ultra design of our baseball bat. Perfect for outdoor enthusiasts and athletes.,225.53,LOW_STOCK,4.0,https://storage.googleapis.com/cymbal-sports-prod-images-dar/SKU-10174.png
SKU-10175,Football,Cymbal Durable Football Ball,Experience the durable design of our football ball. Perfect for outdoor enthusiasts and athletes.,75.72,LOW_STOCK,4.8,https://storage.googleapis.com/cymbal-sports-prod-images-dar/SKU-10175.png
SKU-10176,Golf,Cymbal Ultra Golf Bag,Experience the ultra design of our golf bag. Perfect for outdoor enthusiasts and athletes.,172.34,IN_STOCK,4.5,https://storage.googleapis.com/cymbal-sports-prod-images-dar/SKU-10176.png
SKU-10177,Fishing,Cymbal Ultra Fishing Lure,Experience the ultra design of our fishing lure. Perfect for outdoor enthusiasts and athletes.,24.17,IN_STOCK,3.5,https://storage.googleapis.com/cymbal-sports-prod-images-dar/SKU-10177.png
SKU-10178,Hunting,Cymbal Comfort Hunting Knife,Experience the comfort design of our hunting knife. Perfect for outdoor enthusiasts and athletes.,147.95,IN_STOCK,4.0,https://storage.googleapis.com/cymbal-sports-prod-images-dar/SKU-10178.png
SKU-10179,Camping,Cymbal Comfort Camping Stove,Experience the comfort design of our camping stove. Perfect for outdoor enthusiasts and athletes.,79.3,OUT_OF_STOCK,4.2,https://storage.googleapis.com/cymbal-sports-prod-images-dar/SKU-10179.png
SKU-10180,Baseball,Cymbal Elite Baseball Helmet,Experience the elite design of our baseball helmet. Perfect for outdoor enthusiasts and athletes.,89.71,OUT_OF_STOCK,4.2,https://storage.googleapis.com/cymbal-sports-prod-images-dar/SKU-10180.png
SKU-10181,Football,Cymbal Vent Football Cleats,Experience the vent design of our football cleats. Perfect for outdoor enthusiasts and athletes.,137.75,LOW_STOCK,3.5,https://storage.googleapis.com/cymbal-sports-prod-images-dar/SKU-10181.png
SKU-10182,Footwear,Cymbal Lightweight Boots,Experience the lightweight design of our footwear boots. Perfect for outdoor enthusiasts and athletes.,131.39,OUT_OF_STOCK,5.0,https://storage.googleapis.com/cymbal-sports-prod-images-dar/SKU-10182.png
SKU-10183,Apparel,Cymbal Ultra Hat,Experience the ultra design of our apparel hat. Perfect for outdoor enthusiasts and athletes.,29.75,IN_STOCK,4.0,https://storage.googleapis.com/cymbal-sports-prod-images-dar/SKU-10183.png
SKU-10184,Apparel,Cymbal Durable T-Shirt,Experience the durable design of our apparel t-shirt. Perfect for outdoor enthusiasts and athletes.,39.03,IN_STOCK,4.2,https://storage.googleapis.com/cymbal-sports-prod-images-dar/SKU-10184.png
SKU-10185,Apparel,Cymbal Vent Hoodie,Experience the vent design of our apparel hoodie. Perfect for outdoor enthusiasts and athletes.,88.77,IN_STOCK,3.8,https://storage.googleapis.com/cymbal-sports-prod-images-dar/SKU-10185.png
SKU-10186,Footwear,Cymbal Performance Boots,Experience the performance design of our footwear boots. Perfect for outdoor enthusiasts and athletes.,145.16,LOW_STOCK,3.8,https://storage.googleapis.com/cymbal-sports-prod-images-dar/SKU-10186.png
SKU-10187,Football,Cymbal Lightweight Football Ball,Experience the lightweight design of our football ball. Perfect for outdoor enthusiasts and athletes.,56.32,IN_STOCK,4.8,https://storage.googleapis.com/cymbal-sports-prod-images-dar/SKU-10187.png
SKU-10188,Apparel,Cymbal Vent Hoodie,Experience the vent design of our apparel hoodie. Perfect for outdoor enthusiasts and athletes.,87.47,OUT_OF_STOCK,4.6,https://storage.googleapis.com/cymbal-sports-prod-images-dar/SKU-10188.png
SKU-10189,Apparel,Cymbal Tech Hoodie,Experience the tech design of our apparel hoodie. Perfect for outdoor enthusiasts and athletes.,74.16,IN_STOCK,4.5,https://storage.googleapis.com/cymbal-sports-prod-images-dar/SKU-10189.png
SKU-10190,Golf,Cymbal Tech Golf Bag,Experience the tech design of our golf bag. Perfect for outdoor enthusiasts and athletes.,113.71,IN_STOCK,4.9,https://storage.googleapis.com/cymbal-sports-prod-images-dar/SKU-10190.png
SKU-10191,Golf,Cymbal Vent Golf Shoes,Experience the vent design of our golf shoes. Perfect for outdoor enthusiasts and athletes.,119.44,IN_STOCK,3.5,https://storage.googleapis.com/cymbal-sports-prod-images-dar/SKU-10191.png
SKU-10192,Basketball,Cymbal Vent Basketball Ball,Experience the vent design of our basketball ball. Perfect for outdoor enthusiasts and athletes.,71.51,IN_STOCK,3.8,https://storage.googleapis.com/cymbal-sports-prod-images-dar/SKU-10192.png
SKU-10193,Hunting,Cymbal Tech Hunting Boots,Experience the tech design of our hunting boots. Perfect for outdoor enthusiasts and athletes.,263.55,IN_STOCK,4.8,https://storage.googleapis.com/cymbal-sports-prod-images-dar/SKU-10193.png
SKU-10194,Camping,Cymbal Comfort Camping Stove,Experience the comfort design of our camping stove. Perfect for outdoor enthusiasts and athletes.,148.86,IN_STOCK,4.5,https://storage.googleapis.com/cymbal-sports-prod-images-dar/SKU-10194.png
SKU-10195,Fishing,Cymbal Durable Fishing Lure,Experience the durable design of our fishing lure. Perfect for outdoor enthusiasts and athletes.,24.79,IN_STOCK,4.2,https://storage.googleapis.com/cymbal-sports-prod-images-dar/SKU-10195.png
SKU-10196,Apparel,Cymbal Speed Leggings,Experience the speed design of our apparel leggings. Perfect for outdoor enthusiasts and athletes.,62.42,IN_STOCK,4.9,https://storage.googleapis.com/cymbal-sports-prod-images-dar/SKU-10196.png
SKU-10197,Football,Cymbal Pro Football Helmet,Experience the pro design of our football helmet. Perfect for outdoor enthusiasts and athletes.,261.84,IN_STOCK,4.2,https://storage.googleapis.com/cymbal-sports-prod-images-dar/SKU-10197.png
SKU-10198,Fishing,Cymbal Lightweight Fishing Lure,Experience the lightweight design of our fishing lure. Perfect for outdoor enthusiasts and athletes.,13.84,LOW_STOCK,5.0,https://storage.googleapis.com/cymbal-sports-prod-images-dar/SKU-10198.png
SKU-10199,Football,Cymbal Lightweight Football Cleats,Experience the lightweight design of our football cleats. Perfect for outdoor enthusiasts and athletes.,79.18,IN_STOCK,4.5,https://storage.googleapis.com/cymbal-sports-prod-images-dar/SKU-10199.png
